id;node_id;text;expression;jump_to;position
1;state;Brindisi massimizzate calculate;open-source;payment system;71542
2;generate;Factors;Senior multi-canale ibrida;compressing;11585
3;Keyboard Foggia;connect SSL payment;Account;Metrics;59561
4;Account Car;Incredible Dynamic;next-generation Supervisor;state Avon;53429
5;Nuova;Buckinghamshire Analyst Account;Intelligent bluetooth;spedizioni parse microchip;81968
6;virtuale firewall Generic;Uzbekistan cutting-edge navigating;Rotonda metodologie;Direct Account Metal;72630
7;backing Engineer incentivate;cross-platform;withdrawal online Tuna;Investor dedicata Quality;62112
8;Bedfordshire;invoice Shilling;Vaticano;Agent Home;11397
9;Albania;Legacy and;Adattatore;ridotta;98839
10;index;Contrada withdrawal;Toys Soft Granite;Belarussian Consultant transizionali;1001
