id;name;questionnaire_version;title;sub_title;notes;image;image_alt;instructions;compilation_time;forced_termination_time;used_seconds;status;xml;json;save_text;search_text;subject_to_evaluation;questionnaire_type;attachments;created_by;modified_by;version;modified_date;created_date
1;Representative XSS Salerno;reinventate;HDD background intuitivi;Buckinghamshire direzionale;orange;Handcrafted Buckinghamshire;Avon Cameroon;Paradigm;61528;64110;73295;93788;Customer;Health port;incentivate condivisibile withdrawal;array Plastic Chair;cross-platform;PERCORSOSTUDIO;79347;Pakistan Implementazione Manager;accrescitive Checking Parallelismo;63224;2022-10-18T17:10:14;2022-10-18T16:07:49
2;Sausages;1080p SAS;Soap Hat Gourde;Contrada Guam Computer;hacking;hack;Borgo ore Contrada;port nicchie;81455;16411;83536;55580;Personal Firmware;Practical Investor yellow;applicazioni;motivazionale;Agent;PERCORSOSTUDIO;53601;Games sinergica;Towels matrici;55298;2022-10-18T09:30:01;2022-10-18T06:54:15
3;reinventate;red hacking;Como;Incredible Mouse cross-platform;quantifying Fantastic magenta;Steel;invoice neural pixel;Grocery Myanmar;38158;40161;96622;91846;back-end Avon Frozen;Carbonia-Iglesias;cross-platform;Salad;monetizzate;PERCORSOSTUDIO;13128;Soft system Borders;di Chicken;73461;2022-10-18T14:35:20;2022-10-18T21:35:46
4;override locale copy;Piazza Conglomerato Via;contenuti;Dynamic indexing;deposit Sito Strada;Human RAM Clothing;withdrawal Chief intermediaria;Finlandia;90695;48792;80400;22326;Savings fuchsia Rubber;Finlandia;migliorata;Agent transmitter;lime Sovrastruttura Via;ANCORE;58355;Lucca Officer;National Salad;3504;2022-10-18T22:03:32;2022-10-18T01:43:48
5;Ogliastra JBOD;Frozen Intelligent 1080p;Borders Savings;integrata Soft Central;blue HDD;Borgo;integrate Home Previsione;Central;31985;37668;62269;77538;Applications;Incredible synthesizing;Internal;Sleek;Future National;ANCORE;72286;Piazza;Lilangeni 1080p Metal;29695;2022-10-18T04:54:28;2022-10-18T15:23:21
6;silver Developer;International Infrastructure PCI;salmon Principal transmitting;partnerships;responsiva;Tuna Orchestrator connecting;Siracusa Rustic Piazza;Northern;17111;94073;19586;55697;Concrete;Hat withdrawal;PNG;invoice;Chicken;ANCORE;7470;Keyboard Sausages cross-platform;convergenze navigating navigate;41754;2022-10-17T22:40:18;2022-10-18T15:03:02
7;Borders Bedfordshire;Bike;Dynamic bypassing Prato;Piazza;Via;Leu;soluzioni;JBOD Ferrara Refined;67893;22457;5274;69168;Movies National;Metrics ottimizzante;up Avon;back;payment Paradigm Intelligent;ANCORE;37602;Developer;transmitting Orchestrazione application;1129;2022-10-18T08:46:11;2022-10-18T11:33:55
8;valore integrate supply-chains;integrata metriche Usability;ROI asincrona e-commerce;Algoritmo;Practical;Emilia;Bedfordshire parsing;calculate Branding Madagascar;97852;36115;72101;69286;Licensed non-volatile Pa'anga;Manager Supervisor;withdrawal;withdrawal Prodotto Brand;Loan Fish;AUTOVALUTAZIONI;62513;Funzionalit√† Handmade payment;Strada multimedia Granite;48600;2022-10-18T13:27:06;2022-10-18T20:25:31
9;Cambridgeshire navigating;Parma webservices;Strada payment;Books Account Bielorussia;bypassing bandwidth;SAS Keyboard;Integration Applications architetture;Incredible Coordinator virtual;79191;92923;39012;74897;synthesize Intranet Loan;Isole digital Rotonda;XML Cheese switchabile;Baby ricontestualizzate;Honduras;PERCORSOSTUDIO;75316;Market Rubber sintetizzate;SCSI Migrazione Sassari;24098;2022-10-18T21:05:18;2022-10-17T22:23:40
10;Roma;Ergonomic;enterprise;navigate Account Avon;Ergonomic Strada;Cambridgeshire;terza operativa Forward;tan deposit;56596;57559;41019;28691;Zealand applicazioni Corporate;Response;invoice Tasty up;Ergonomic program firewall;Infrastruttura Rustic overriding;PERCORSOSTUDIO;84614;withdrawal;monitor;65970;2022-10-18T01:55:45;2022-10-18T05:35:46
